district,filePath
NW10,./output/districtHTML/NW10.html
SE27,./output/districtHTML/SE27.html
SW1,./output/districtHTML/SW1.html
SW20,./output/districtHTML/SW20.html
abbots-langley,./output/districtHTML/abbots-langley.html
aberaeron,./output/districtHTML/aberaeron.html
aberdovey,./output/districtHTML/aberdovey.html
abertillery,./output/districtHTML/abertillery.html
aboyne,./output/districtHTML/aboyne.html
achnasheen,./output/districtHTML/achnasheen.html
alness,./output/districtHTML/alness.html
alton,./output/districtHTML/alton.html
altrincham,./output/districtHTML/altrincham.html
alva,./output/districtHTML/alva.html
amlwch,./output/districtHTML/amlwch.html
ammanford2,./output/districtHTML/ammanford2.html
annan,./output/districtHTML/annan.html
antrim,./output/districtHTML/antrim.html
ardgay,./output/districtHTML/ardgay.html
aviemore,./output/districtHTML/aviemore.html
bagillt,./output/districtHTML/bagillt.html
baldock,./output/districtHTML/baldock.html
ballater,./output/districtHTML/ballater.html
ballindalloch,./output/districtHTML/ballindalloch.html
bamburgh,./output/districtHTML/bamburgh.html
banchory,./output/districtHTML/banchory.html
banff,./output/districtHTML/banff.html
barnstaple,./output/districtHTML/barnstaple.html
barrowuponhumber,./output/districtHTML/barrowuponhumber.html
battle,./output/districtHTML/battle.html
beaumaris,./output/districtHTML/beaumaris.html
beckermet,./output/districtHTML/beckermet.html
belford,./output/districtHTML/belford.html
belper,./output/districtHTML/belper.html
benfleet,./output/districtHTML/benfleet.html
betwsycoed,./output/districtHTML/betwsycoed.html
beverley,./output/districtHTML/beverley.html
bexley,./output/districtHTML/bexley.html
bexleyheath,./output/districtHTML/bexleyheath.html
bishops-stortford,./output/districtHTML/bishops-stortford.html
blackpool,./output/districtHTML/blackpool.html
blackwood,./output/districtHTML/blackwood.html
blaenau-ffestiniog,./output/districtHTML/blaenau-ffestiniog.html
boat-of-garten,./output/districtHTML/boat-of-garten.html
boncath,./output/districtHTML/boncath.html
boness,./output/districtHTML/boness.html
bonnybridge,./output/districtHTML/bonnybridge.html
borehamwood,./output/districtHTML/borehamwood.html
boscastle,./output/districtHTML/boscastle.html
braunton,./output/districtHTML/braunton.html
brentford,./output/districtHTML/brentford.html
bridlington,./output/districtHTML/bridlington.html
brighton,./output/districtHTML/brighton.html
broadstairs,./output/districtHTML/broadstairs.html
bromyard,./output/districtHTML/bromyard.html
brora,./output/districtHTML/brora.html
buckfastleigh,./output/districtHTML/buckfastleigh.html
buckhurst-hill,./output/districtHTML/buckhurst-hill.html
buckie,./output/districtHTML/buckie.html
buckley,./output/districtHTML/buckley.html
bures,./output/districtHTML/bures.html
burnley,./output/districtHTML/burnley.html
burntisland,./output/districtHTML/burntisland.html
bury,./output/districtHTML/bury.html
bushmills,./output/districtHTML/bushmills.html
callander,./output/districtHTML/callander.html
camborne,./output/districtHTML/camborne.html
cardigan,./output/districtHTML/cardigan.html
carmarthen,./output/districtHTML/carmarthen.html
castlewellan,./output/districtHTML/castlewellan.html
catterick-garrison,./output/districtHTML/catterick-garrison.html
cemaes-bay,./output/districtHTML/cemaes-bay.html
chalfont-st-giles,./output/districtHTML/chalfont-st-giles.html
chatteris,./output/districtHTML/chatteris.html
cheadle2,./output/districtHTML/cheadle2.html
chelmsford,./output/districtHTML/chelmsford.html
cheltenham,./output/districtHTML/cheltenham.html
chepstow,./output/districtHTML/chepstow.html
chessington,./output/districtHTML/chessington.html
chester,./output/districtHTML/chester.html
chesterfield,./output/districtHTML/chesterfield.html
choppington,./output/districtHTML/choppington.html
chorley,./output/districtHTML/chorley.html
christchurch,./output/districtHTML/christchurch.html
clackmannan,./output/districtHTML/clackmannan.html
clarbeston-road,./output/districtHTML/clarbeston-road.html
cleator-moor,./output/districtHTML/cleator-moor.html
cockermouth,./output/districtHTML/cockermouth.html
coleford,./output/districtHTML/coleford.html
consett,./output/districtHTML/consett.html
conwy,./output/districtHTML/conwy.html
cookstown,./output/districtHTML/cookstown.html
cowdenbeath,./output/districtHTML/cowdenbeath.html
cramlington,./output/districtHTML/cramlington.html
cranbrook,./output/districtHTML/cranbrook.html
crediton,./output/districtHTML/crediton.html
criccieth,./output/districtHTML/criccieth.html
cromarty,./output/districtHTML/cromarty.html
crowborough,./output/districtHTML/crowborough.html
cullompton,./output/districtHTML/cullompton.html
cupar,./output/districtHTML/cupar.html
cwmbran,./output/districtHTML/cwmbran.html
dagenham,./output/districtHTML/dagenham.html
dalkeith,./output/districtHTML/dalkeith.html
dalwhinnie,./output/districtHTML/dalwhinnie.html
darlington,./output/districtHTML/darlington.html
dartmouth,./output/districtHTML/dartmouth.html
darwen,./output/districtHTML/darwen.html
daventry,./output/districtHTML/daventry.html
deal,./output/districtHTML/deal.html
dereham,./output/districtHTML/dereham.html
diss,./output/districtHTML/diss.html
dolwyddelan,./output/districtHTML/dolwyddelan.html
driffield,./output/districtHTML/driffield.html
dromore,./output/districtHTML/dromore.html
dukinfield,./output/districtHTML/dukinfield.html
dunblane,./output/districtHTML/dunblane.html
dungannon,./output/districtHTML/dungannon.html
dunmow,./output/districtHTML/dunmow.html
duns,./output/districtHTML/duns.html
dunstable,./output/districtHTML/dunstable.html
dyffryn-ardudwy,./output/districtHTML/dyffryn-ardudwy.html
e1,./output/districtHTML/e1.html
e12,./output/districtHTML/e12.html
e14,./output/districtHTML/e14.html
e15,./output/districtHTML/e15.html
e16,./output/districtHTML/e16.html
e17,./output/districtHTML/e17.html
e2,./output/districtHTML/e2.html
e3,./output/districtHTML/e3.html
e4,./output/districtHTML/e4.html
e5,./output/districtHTML/e5.html
e7,./output/districtHTML/e7.html
e8,./output/districtHTML/e8.html
e9,./output/districtHTML/e9.html
eastleigh,./output/districtHTML/eastleigh.html
ec1,./output/districtHTML/ec1.html
edgware,./output/districtHTML/edgware.html
ellon,./output/districtHTML/ellon.html
enfield,./output/districtHTML/enfield.html
epping,./output/districtHTML/epping.html
exmouth,./output/districtHTML/exmouth.html
eyemouth,./output/districtHTML/eyemouth.html
falkirk,./output/districtHTML/falkirk.html
farnborough,./output/districtHTML/farnborough.html
faversham,./output/districtHTML/faversham.html
ferndale,./output/districtHTML/ferndale.html
ferryhill,./output/districtHTML/ferryhill.html
fivemiletown,./output/districtHTML/fivemiletown.html
fleet,./output/districtHTML/fleet.html
fleetwood,./output/districtHTML/fleetwood.html
fochabers,./output/districtHTML/fochabers.html
folkestone,./output/districtHTML/folkestone.html
fordingbridge,./output/districtHTML/fordingbridge.html
fortrose,./output/districtHTML/fortrose.html
fraserburgh,./output/districtHTML/fraserburgh.html
frizington,./output/districtHTML/frizington.html
gaerwen,./output/districtHTML/gaerwen.html
gainsborough,./output/districtHTML/gainsborough.html
gerrards-cross,./output/districtHTML/gerrards-cross.html
gillingham,./output/districtHTML/gillingham.html
gloucester,./output/districtHTML/gloucester.html
goodwick,./output/districtHTML/goodwick.html
great-missenden,./output/districtHTML/great-missenden.html
greenford,./output/districtHTML/greenford.html
gullane,./output/districtHTML/gullane.html
hailsham,./output/districtHTML/hailsham.html
halkirk,./output/districtHTML/halkirk.html
halstead,./output/districtHTML/halstead.html
haltwhistle,./output/districtHTML/haltwhistle.html
hampton,./output/districtHTML/hampton.html
harlow,./output/districtHTML/harlow.html
harwich,./output/districtHTML/harwich.html
havant,./output/districtHTML/havant.html
hawick,./output/districtHTML/hawick.html
hayes,./output/districtHTML/hayes.html
heathfield,./output/districtHTML/heathfield.html
hemel-hempstead,./output/districtHTML/hemel-hempstead.html
hengoed,./output/districtHTML/hengoed.html
hereford,./output/districtHTML/hereford.html
hessle2,./output/districtHTML/hessle2.html
hillsborough,./output/districtHTML/hillsborough.html
hitchin,./output/districtHTML/hitchin.html
holt2,./output/districtHTML/holt2.html
holyhead,./output/districtHTML/holyhead.html
holywell,./output/districtHTML/holywell.html
hounslow,./output/districtHTML/hounslow.html
hove,./output/districtHTML/hove.html
huntingdon,./output/districtHTML/huntingdon.html
hyde,./output/districtHTML/hyde.html
hythe,./output/districtHTML/hythe.html
ibstock,./output/districtHTML/ibstock.html
ilford,./output/districtHTML/ilford.html
ilfracombe,./output/districtHTML/ilfracombe.html
ingatestone,./output/districtHTML/ingatestone.html
innerleithen,./output/districtHTML/innerleithen.html
invergordon,./output/districtHTML/invergordon.html
inverkeithing,./output/districtHTML/inverkeithing.html
inverness,./output/districtHTML/inverness.html
isle-of-skye-villages,./output/districtHTML/isle-of-skye-villages.html
isleworth,./output/districtHTML/isleworth.html
juniper-green,./output/districtHTML/juniper-green.html
kelso,./output/districtHTML/kelso.html
kelty,./output/districtHTML/kelty.html
kenley,./output/districtHTML/kenley.html
kidwelly,./output/districtHTML/kidwelly.html
kings-langley,./output/districtHTML/kings-langley.html
kings-lynn,./output/districtHTML/kings-lynn.html
kingston-upon-thames,./output/districtHTML/kingston-upon-thames.html
kirkbyinfurness,./output/districtHTML/kirkbyinfurness.html
kirkcudbright,./output/districtHTML/kirkcudbright.html
kirkliston,./output/districtHTML/kirkliston.html
knutsford,./output/districtHTML/knutsford.html
lairg,./output/districtHTML/lairg.html
langholm,./output/districtHTML/langholm.html
laurencekirk,./output/districtHTML/laurencekirk.html
ledbury,./output/districtHTML/ledbury.html
leighton-buzzard,./output/districtHTML/leighton-buzzard.html
leominster,./output/districtHTML/leominster.html
leven,./output/districtHTML/leven.html
lewes,./output/districtHTML/lewes.html
leyburn,./output/districtHTML/leyburn.html
liphook,./output/districtHTML/liphook.html
liskeard,./output/districtHTML/liskeard.html
liss,./output/districtHTML/liss.html
littleborough,./output/districtHTML/littleborough.html
llanarth,./output/districtHTML/llanarth.html
llandudno,./output/districtHTML/llandudno.html
llandysul,./output/districtHTML/llandysul.html
llanerchymedd,./output/districtHTML/llanerchymedd.html
llwyngwril,./output/districtHTML/llwyngwril.html
lochgelly,./output/districtHTML/lochgelly.html
lockerbie,./output/districtHTML/lockerbie.html
londonderry,./output/districtHTML/londonderry.html
longhope,./output/districtHTML/longhope.html
lostwithiel,./output/districtHTML/lostwithiel.html
loughton,./output/districtHTML/loughton.html
luton,./output/districtHTML/luton.html
lydbrook,./output/districtHTML/lydbrook.html
lydney,./output/districtHTML/lydney.html
lymington,./output/districtHTML/lymington.html
lyndhurst2,./output/districtHTML/lyndhurst2.html
lynmouth,./output/districtHTML/lynmouth.html
lynton,./output/districtHTML/lynton.html
mablethorpe,./output/districtHTML/mablethorpe.html
macclesfield,./output/districtHTML/macclesfield.html
macduff,./output/districtHTML/macduff.html
maidenhead,./output/districtHTML/maidenhead.html
mallaig,./output/districtHTML/mallaig.html
malton,./output/districtHTML/malton.html
manchester,./output/districtHTML/manchester.html
marazion,./output/districtHTML/marazion.html
margate,./output/districtHTML/margate.html
market-harborough,./output/districtHTML/market-harborough.html
marlow,./output/districtHTML/marlow.html
matlock,./output/districtHTML/matlock.html
melrose,./output/districtHTML/melrose.html
menai-bridge,./output/districtHTML/menai-bridge.html
menstrie,./output/districtHTML/menstrie.html
mentmore,./output/districtHTML/mentmore.html
milford-haven,./output/districtHTML/milford-haven.html
millom,./output/districtHTML/millom.html
milnthorpe,./output/districtHTML/milnthorpe.html
mitcheldean,./output/districtHTML/mitcheldean.html
moelfre,./output/districtHTML/moelfre.html
moffat,./output/districtHTML/moffat.html
moretoninmarsh,./output/districtHTML/moretoninmarsh.html
mountain-ash,./output/districtHTML/mountain-ash.html
n1,./output/districtHTML/n1.html
n12,./output/districtHTML/n12.html
n13,./output/districtHTML/n13.html
n15,./output/districtHTML/n15.html
n19,./output/districtHTML/n19.html
n3,./output/districtHTML/n3.html
n5,./output/districtHTML/n5.html
n6,./output/districtHTML/n6.html
narberth,./output/districtHTML/narberth.html
neston,./output/districtHTML/neston.html
new-malden,./output/districtHTML/new-malden.html
new-milton,./output/districtHTML/new-milton.html
new-quay,./output/districtHTML/new-quay.html
new-romney,./output/districtHTML/new-romney.html
newbigginbythesea,./output/districtHTML/newbigginbythesea.html
newcastle-emlyn,./output/districtHTML/newcastle-emlyn.html
newcastle,./output/districtHTML/newcastle.html
newcastleton,./output/districtHTML/newcastleton.html
newent,./output/districtHTML/newent.html
newhaven,./output/districtHTML/newhaven.html
newport-pagnell,./output/districtHTML/newport-pagnell.html
newportontay,./output/districtHTML/newportontay.html
newton-abbot,./output/districtHTML/newton-abbot.html
newton-aycliffe,./output/districtHTML/newton-aycliffe.html
newton-stewart,./output/districtHTML/newton-stewart.html
north-tawton,./output/districtHTML/north-tawton.html
north-walsham,./output/districtHTML/north-walsham.html
northolt,./output/districtHTML/northolt.html
northwood,./output/districtHTML/northwood.html
nottingham,./output/districtHTML/nottingham.html
nw4,./output/districtHTML/nw4.html
nw7,./output/districtHTML/nw7.html
nw8,./output/districtHTML/nw8.html
nw9,./output/districtHTML/nw9.html
oldham,./output/districtHTML/oldham.html
ongar,./output/districtHTML/ongar.html
ormskirk,./output/districtHTML/ormskirk.html
orpington,./output/districtHTML/orpington.html
peacehaven,./output/districtHTML/peacehaven.html
peebles,./output/districtHTML/peebles.html
pembroke-dock,./output/districtHTML/pembroke-dock.html
penmaenmawr,./output/districtHTML/penmaenmawr.html
penrhyndeudraeth,./output/districtHTML/penrhyndeudraeth.html
penryn,./output/districtHTML/penryn.html
pentraeth,./output/districtHTML/pentraeth.html
pentre,./output/districtHTML/pentre.html
peterculter,./output/districtHTML/peterculter.html
peterhead,./output/districtHTML/peterhead.html
peterlee,./output/districtHTML/peterlee.html
pevensey,./output/districtHTML/pevensey.html
plymouth,./output/districtHTML/plymouth.html
polegate,./output/districtHTML/polegate.html
porthmadog,./output/districtHTML/porthmadog.html
prestatyn,./output/districtHTML/prestatyn.html
purley,./output/districtHTML/purley.html
queenborough,./output/districtHTML/queenborough.html
radlett,./output/districtHTML/radlett.html
rainham,./output/districtHTML/rainham.html
ravenglass,./output/districtHTML/ravenglass.html
rayleigh,./output/districtHTML/rayleigh.html
redcar,./output/districtHTML/redcar.html
rickmansworth,./output/districtHTML/rickmansworth.html
ripley,./output/districtHTML/ripley.html
rochester,./output/districtHTML/rochester.html
rochford,./output/districtHTML/rochford.html
romford,./output/districtHTML/romford.html
romney-marsh,./output/districtHTML/romney-marsh.html
royston,./output/districtHTML/royston.html
rushden,./output/districtHTML/rushden.html
ruthin2,./output/districtHTML/ruthin2.html
rye,./output/districtHTML/rye.html
saffron-walden,./output/districtHTML/saffron-walden.html
sale,./output/districtHTML/sale.html
salford,./output/districtHTML/salford.html
sandy,./output/districtHTML/sandy.html
saundersfoot,./output/districtHTML/saundersfoot.html
sawbridgeworth,./output/districtHTML/sawbridgeworth.html
se11,./output/districtHTML/se11.html
se12,./output/districtHTML/se12.html
se14,./output/districtHTML/se14.html
se16,./output/districtHTML/se16.html
se17,./output/districtHTML/se17.html
se20,./output/districtHTML/se20.html
se21,./output/districtHTML/se21.html
se26,./output/districtHTML/se26.html
se4,./output/districtHTML/se4.html
se7,./output/districtHTML/se7.html
se8,./output/districtHTML/se8.html
seaford,./output/districtHTML/seaford.html
seaham,./output/districtHTML/seaham.html
seascale,./output/districtHTML/seascale.html
selkirk,./output/districtHTML/selkirk.html
sevenoaks,./output/districtHTML/sevenoaks.html
shaftesbury,./output/districtHTML/shaftesbury.html
sheerness,./output/districtHTML/sheerness.html
sherborne,./output/districtHTML/sherborne.html
sheringham,./output/districtHTML/sheringham.html
sittingbourne,./output/districtHTML/sittingbourne.html
skegness,./output/districtHTML/skegness.html
south-croydon,./output/districtHTML/south-croydon.html
southendonsea,./output/districtHTML/southendonsea.html
southwell,./output/districtHTML/southwell.html
st-bees,./output/districtHTML/st-bees.html
stanfordlehope,./output/districtHTML/stanfordlehope.html
stevenage,./output/districtHTML/stevenage.html
stirling,./output/districtHTML/stirling.html
stockport,./output/districtHTML/stockport.html
stocktonontees,./output/districtHTML/stocktonontees.html
stonehaven,./output/districtHTML/stonehaven.html
strabane,./output/districtHTML/strabane.html
stranraer,./output/districtHTML/stranraer.html
stroud,./output/districtHTML/stroud.html
sutton,./output/districtHTML/sutton.html
sw11,./output/districtHTML/sw11.html
sw13,./output/districtHTML/sw13.html
sw14,./output/districtHTML/sw14.html
sw16,./output/districtHTML/sw16.html
sw18,./output/districtHTML/sw18.html
sw4,./output/districtHTML/sw4.html
sw5,./output/districtHTML/sw5.html
sw8,./output/districtHTML/sw8.html
swadlincote,./output/districtHTML/swadlincote.html
swanage,./output/districtHTML/swanage.html
tadley,./output/districtHTML/tadley.html
tain,./output/districtHTML/tain.html
talsarnau,./output/districtHTML/talsarnau.html
talybont,./output/districtHTML/talybont.html
tavistock,./output/districtHTML/tavistock.html
tenby,./output/districtHTML/tenby.html
tilbury,./output/districtHTML/tilbury.html
tillicoultry,./output/districtHTML/tillicoultry.html
tiverton,./output/districtHTML/tiverton.html
tobermory,./output/districtHTML/tobermory.html
tring,./output/districtHTML/tring.html
turriff,./output/districtHTML/turriff.html
twickenham,./output/districtHTML/twickenham.html
ty-croes,./output/districtHTML/ty-croes.html
tywyn,./output/districtHTML/tywyn.html
uckfield,./output/districtHTML/uckfield.html
ullapool,./output/districtHTML/ullapool.html
usk,./output/districtHTML/usk.html
w10,./output/districtHTML/w10.html
w14,./output/districtHTML/w14.html
w3,./output/districtHTML/w3.html
w5,./output/districtHTML/w5.html
w6,./output/districtHTML/w6.html
w9,./output/districtHTML/w9.html
waterlooville,./output/districtHTML/waterlooville.html
watford,./output/districtHTML/watford.html
welling,./output/districtHTML/welling.html
wellsnextthesea,./output/districtHTML/wellsnextthesea.html
wembley,./output/districtHTML/wembley.html
west-malling,./output/districtHTML/west-malling.html
westburyonsevern,./output/districtHTML/westburyonsevern.html
whitland,./output/districtHTML/whitland.html
wickford,./output/districtHTML/wickford.html
wigan,./output/districtHTML/wigan.html
wimborne,./output/districtHTML/wimborne.html
windsor,./output/districtHTML/windsor.html
wokingham,./output/districtHTML/wokingham.html
woolacombe,./output/districtHTML/woolacombe.html
workington,./output/districtHTML/workington.html
worksop,./output/districtHTML/worksop.html
wylam,./output/districtHTML/wylam.html
wymondham,./output/districtHTML/wymondham.html
yateley,./output/districtHTML/yateley.html
yelverton,./output/districtHTML/yelverton.html
ystrad-meurig,./output/districtHTML/ystrad-meurig.html